{
    "accuracy": 0.5870646766169154,
    "precision": 0.95,
    "recall": 0.18811881188118812,
    "f1_score": 0.3140495867768595
}