{
    "accuracy": 0.4975124378109453,
    "precision": 0.5,
    "recall": 0.15841584158415842,
    "f1_score": 0.24060150375939848
}