{
    "accuracy": 0.8905472636815921,
    "precision": 1.0,
    "recall": 0.7821782178217822,
    "f1_score": 0.8777777777777778
}